n,image,nm_per_px,use,node,x_px,y_px,in_cell,image_nodes,image_cells,L1_nm,L2_nm,L3_nm,twist_deg,twist_err_deg,twist_sd_deg,heterostrain_pct,pure_twist_deg,lattice_a_nm,poisson_nu,note
1,vanwinkle2023_DS14_MoS2_parallel.png,0.125,yes,1,249,348,1,26,33,19.458,22.142,25.128,0.833,0.010,0.059,0.349,0.814,0.316,0.25,
1,vanwinkle2023_DS14_MoS2_parallel.png,0.125,yes,2,710,423,1,26,33,19.458,22.142,25.128,0.833,0.010,0.059,0.349,0.814,0.316,0.25,
1,vanwinkle2023_DS14_MoS2_parallel.png,0.125,yes,3,84,567,1,26,33,19.458,22.142,25.128,0.833,0.010,0.059,0.349,0.814,0.316,0.25,
1,vanwinkle2023_DS14_MoS2_parallel.png,0.125,yes,4,393,514,1,26,33,19.458,22.142,25.128,0.833,0.010,0.059,0.349,0.814,0.316,0.25,
1,vanwinkle2023_DS14_MoS2_parallel.png,0.125,yes,5,414,323,1,26,33,19.458,22.142,25.128,0.833,0.010,0.059,0.349,0.814,0.316,0.25,
1,vanwinkle2023_DS14_MoS2_parallel.png,0.125,yes,6,3,103,1,26,33,19.458,22.142,25.128,0.833,0.010,0.059,0.349,0.814,0.316,0.25,
1,vanwinkle2023_DS14_MoS2_parallel.png,0.125,yes,7,0,278,1,26,33,19.458,22.142,25.128,0.833,0.010,0.059,0.349,0.814,0.316,0.25,
1,vanwinkle2023_DS14_MoS2_parallel.png,0.125,yes,8,547,649,1,26,33,19.458,22.142,25.128,0.833,0.010,0.059,0.349,0.814,0.316,0.25,
1,vanwinkle2023_DS14_MoS2_parallel.png,0.125,yes,9,111,410,1,26,33,19.458,22.142,25.128,0.833,0.010,0.059,0.349,0.814,0.316,0.25,
1,vanwinkle2023_DS14_MoS2_parallel.png,0.125,yes,10,215,692,1,26,33,19.458,22.142,25.128,0.833,0.010,0.059,0.349,0.814,0.316,0.25,
1,vanwinkle2023_DS14_MoS2_parallel.png,0.125,yes,11,229,533,1,26,33,19.458,22.142,25.128,0.833,0.010,0.059,0.349,0.814,0.316,0.25,
1,vanwinkle2023_DS14_MoS2_parallel.png,0.125,yes,12,584,296,1,26,33,19.458,22.142,25.128,0.833,0.010,0.059,0.349,0.814,0.316,0.25,
1,vanwinkle2023_DS14_MoS2_parallel.png,0.125,yes,13,120,226,1,26,33,19.458,22.142,25.128,0.833,0.010,0.059,0.349,0.814,0.316,0.25,
1,vanwinkle2023_DS14_MoS2_parallel.png,0.125,yes,14,564,472,1,26,33,19.458,22.142,25.128,0.833,0.010,0.059,0.349,0.814,0.316,0.25,
1,vanwinkle2023_DS14_MoS2_parallel.png,0.125,yes,15,596,111,1,26,33,19.458,22.142,25.128,0.833,0.010,0.059,0.349,0.814,0.316,0.25,
1,vanwinkle2023_DS14_MoS2_parallel.png,0.125,yes,16,702,786,1,26,33,19.458,22.142,25.128,0.833,0.010,0.059,0.349,0.814,0.316,0.25,
1,vanwinkle2023_DS14_MoS2_parallel.png,0.125,yes,17,40,762,1,26,33,19.458,22.142,25.128,0.833,0.010,0.059,0.349,0.814,0.316,0.25,
1,vanwinkle2023_DS14_MoS2_parallel.png,0.125,yes,18,255,192,1,26,33,19.458,22.142,25.128,0.833,0.010,0.059,0.349,0.814,0.316,0.25,
1,vanwinkle2023_DS14_MoS2_parallel.png,0.125,yes,19,523,799,1,26,33,19.458,22.142,25.128,0.833,0.010,0.059,0.349,0.814,0.316,0.25,
1,vanwinkle2023_DS14_MoS2_parallel.png,0.125,yes,20,733,41,1,26,33,19.458,22.142,25.128,0.833,0.010,0.059,0.349,0.814,0.316,0.25,
1,vanwinkle2023_DS14_MoS2_parallel.png,0.125,yes,21,753,621,1,26,33,19.458,22.142,25.128,0.833,0.010,0.059,0.349,0.814,0.316,0.25,
1,vanwinkle2023_DS14_MoS2_parallel.png,0.125,yes,22,425,146,1,26,33,19.458,22.142,25.128,0.833,0.010,0.059,0.349,0.814,0.316,0.25,
1,vanwinkle2023_DS14_MoS2_parallel.png,0.125,yes,23,137,51,1,26,33,19.458,22.142,25.128,0.833,0.010,0.059,0.349,0.814,0.316,0.25,
1,vanwinkle2023_DS14_MoS2_parallel.png,0.125,yes,24,378,672,1,26,33,19.458,22.142,25.128,0.833,0.010,0.059,0.349,0.814,0.316,0.25,
1,vanwinkle2023_DS14_MoS2_parallel.png,0.125,yes,25,730,242,1,26,33,19.458,22.142,25.128,0.833,0.010,0.059,0.349,0.814,0.316,0.25,
1,vanwinkle2023_DS14_MoS2_parallel.png,0.125,yes,26,281,17,1,26,33,19.458,22.142,25.128,0.833,0.010,0.059,0.349,0.814,0.316,0.25,
