n,image,nm_per_px,use,cell,node_a,node_b,node_c,L1_nm,L2_nm,L3_nm,min_angle_deg,max_angle_deg,twist_deg,heterostrain_pct,fit_resid_nm,lattice_a_nm,poisson_nu
1,vanwinkle2023_DS14_MoS2_parallel.png,0.125,yes,1,4,1,5,20.860,24.019,27.469,47.2,75.1,0.772,0.348,0.000,0.316,0.25
1,vanwinkle2023_DS14_MoS2_parallel.png,0.125,yes,2,1,4,11,20.637,23.260,27.469,47.1,77.2,0.786,0.380,0.000,0.316,0.25
1,vanwinkle2023_DS14_MoS2_parallel.png,0.125,yes,3,9,1,11,18.911,21.306,23.260,50.0,70.4,0.868,0.289,0.000,0.316,0.25
1,vanwinkle2023_DS14_MoS2_parallel.png,0.125,yes,4,3,9,11,18.617,19.913,21.306,53.6,67.0,0.913,0.200,0.000,0.316,0.25
1,vanwinkle2023_DS14_MoS2_parallel.png,0.125,yes,5,10,3,11,18.617,19.952,22.634,51.4,71.8,0.902,0.300,0.000,0.316,0.25
1,vanwinkle2023_DS14_MoS2_parallel.png,0.125,yes,6,7,6,13,16.348,21.220,21.878,44.6,69.9,0.942,0.451,0.000,0.316,0.25
1,vanwinkle2023_DS14_MoS2_parallel.png,0.125,yes,7,1,9,13,18.911,22.194,23.027,49.4,67.6,0.859,0.277,0.000,0.316,0.25
1,vanwinkle2023_DS14_MoS2_parallel.png,0.125,yes,8,9,7,13,16.348,21.558,23.027,42.9,73.4,0.927,0.507,0.000,0.316,0.25
1,vanwinkle2023_DS14_MoS2_parallel.png,0.125,yes,9,8,4,14,22.010,22.227,25.599,54.2,70.7,0.787,0.227,0.000,0.316,0.25
1,vanwinkle2023_DS14_MoS2_parallel.png,0.125,yes,10,12,2,14,19.250,22.142,22.362,51.3,65.0,0.859,0.222,0.000,0.316,0.25
1,vanwinkle2023_DS14_MoS2_parallel.png,0.125,yes,11,4,5,14,22.010,24.019,26.428,51.5,69.9,0.759,0.227,0.000,0.316,0.25
1,vanwinkle2023_DS14_MoS2_parallel.png,0.125,yes,12,5,12,14,21.516,22.142,26.428,51.7,74.5,0.792,0.306,0.000,0.316,0.25
1,vanwinkle2023_DS14_MoS2_parallel.png,0.125,yes,13,3,10,17,22.634,23.560,24.988,55.5,65.5,0.766,0.124,0.000,0.316,0.25
1,vanwinkle2023_DS14_MoS2_parallel.png,0.125,yes,14,5,1,18,19.514,20.860,25.752,48.1,79.2,0.852,0.435,0.000,0.316,0.25
1,vanwinkle2023_DS14_MoS2_parallel.png,0.125,yes,15,1,13,18,17.402,19.514,22.194,48.8,73.7,0.939,0.376,0.000,0.316,0.25
1,vanwinkle2023_DS14_MoS2_parallel.png,0.125,yes,16,8,16,19,18.988,22.434,25.858,45.6,76.8,0.836,0.421,0.000,0.316,0.25
1,vanwinkle2023_DS14_MoS2_parallel.png,0.125,yes,17,8,14,21,22.227,25.987,30.084,46.0,76.8,0.717,0.357,0.000,0.316,0.25
1,vanwinkle2023_DS14_MoS2_parallel.png,0.125,yes,18,14,2,21,19.250,25.327,30.084,39.5,83.7,0.782,0.567,0.000,0.316,0.25
1,vanwinkle2023_DS14_MoS2_parallel.png,0.125,yes,19,16,8,21,21.588,25.858,25.987,49.2,65.7,0.751,0.243,0.000,0.316,0.25
1,vanwinkle2023_DS14_MoS2_parallel.png,0.125,yes,20,12,5,22,21.516,22.168,27.324,50.2,77.4,0.788,0.362,0.000,0.316,0.25
1,vanwinkle2023_DS14_MoS2_parallel.png,0.125,yes,21,15,12,22,21.818,23.174,27.324,50.4,74.7,0.768,0.307,0.000,0.316,0.25
1,vanwinkle2023_DS14_MoS2_parallel.png,0.125,yes,22,5,18,22,22.014,22.168,25.752,54.1,71.3,0.787,0.239,0.000,0.316,0.25
1,vanwinkle2023_DS14_MoS2_parallel.png,0.125,yes,23,13,6,23,17.967,21.220,21.978,49.1,67.6,0.901,0.298,0.000,0.316,0.25
1,vanwinkle2023_DS14_MoS2_parallel.png,0.125,yes,24,18,13,23,17.402,21.978,22.983,45.5,70.3,0.895,0.404,0.000,0.316,0.25
1,vanwinkle2023_DS14_MoS2_parallel.png,0.125,yes,25,4,8,24,19.839,21.320,25.599,49.0,76.8,0.837,0.379,0.000,0.316,0.25
1,vanwinkle2023_DS14_MoS2_parallel.png,0.125,yes,26,10,11,24,19.952,20.528,25.471,50.0,78.0,0.850,0.402,0.000,0.316,0.25
1,vanwinkle2023_DS14_MoS2_parallel.png,0.125,yes,27,11,4,24,19.839,20.637,25.471,49.6,78.0,0.851,0.403,0.000,0.316,0.25
1,vanwinkle2023_DS14_MoS2_parallel.png,0.125,yes,28,8,19,24,18.988,21.320,24.094,49.0,73.2,0.861,0.336,0.000,0.316,0.25
1,vanwinkle2023_DS14_MoS2_parallel.png,0.125,yes,29,2,12,25,19.458,22.362,22.763,51.1,65.5,0.849,0.225,0.000,0.316,0.25
1,vanwinkle2023_DS14_MoS2_parallel.png,0.125,yes,30,12,15,25,19.458,23.174,23.424,49.4,66.0,0.833,0.265,0.000,0.316,0.25
1,vanwinkle2023_DS14_MoS2_parallel.png,0.125,yes,31,15,20,25,19.231,23.424,25.128,46.5,71.4,0.822,0.353,0.000,0.316,0.25
1,vanwinkle2023_DS14_MoS2_parallel.png,0.125,yes,32,22,18,26,22.014,22.115,24.166,56.6,66.4,0.799,0.140,0.000,0.316,0.25
1,vanwinkle2023_DS14_MoS2_parallel.png,0.125,yes,33,18,23,26,18.495,22.115,22.983,48.4,68.3,0.868,0.309,0.000,0.316,0.25
